content,asertividad,autoconciencia emocional,autoestima,desarrollar y estimular a los dem√°s,empat√≠a,autocontrol emocional,influencia,liderazgo,optimismo,relaci√≥n social,colaboraci√≥n y cooperaci√≥n,comprensi√≥n organizativa,conciencia cr√≠tica,desarrollo de las relaciones,tolerancia a la frustraci√≥n,comunicacion asertiva,manejo de conflictos,motivaci√≥n de logro,percepci√≥n y comprensi√≥n emocional,violencia
creen que los computadores bajen de precio de aqui a un par de meses m√°s?,0,0,0,0,0,0,0,0,0,0,0.15,0,0,0.18,0,0.14,0,0.22,0,0
que saben estos ctmre,0,0,0,0,0,0,0,0,0,0,0,0,0,0,0,0,0,0,0,0
"eehh.. nu. O sea igual puede que haya ofertas, pero ofertas de mierda.",0.43,0,0,0.51,0,0,0.45,0.49,0,0,0.33,0,0,0.41,0,0.51,0,0,0,0.34
"Cabros necesito un dato de motel barato en Santiago pa ir con mi mina, que sea decente y puta, planeo ir 9 horas durante el d√≠a (no noche) por lo que me es complicado encontrar",0.13,0,0.18,0.22,0,0.17,0.39,0.23,0,0.2,0,0,0.18,0.19,0,0,0,0,0.17,0.29
motel barato motel decente Choose one,0,0,0,0,0,0,0,0,0,0,0,0,0,0,0,0,0,0,0,0
"con mi mina, que sea decente y puta pero que-",0.16,0,0,0,0,0,0.25,0.27,0,0,0,0,0,0,0,0,0,0,0,0.39
"Es un cerdo decente, no un puerco",0,0,0,0,0,0,0,0,0,0,0,0,0,0,0,0,0,0,0,0
Qu√© consideras barato?,0,0,0,0,0,0,0,0,0,0,0,0,0,0,0,0,0,0,0,0
"seguramente, pero igual pregunta en /r/vinyl",0,0,0,0,0,0,0,0,0,0,0,0,0,0,0,0,0,0,0,0
"De lo poco que cacho de tocadiscos, creo que eso depender√≠a del tipo de aguja, el estado de la misma, y tambi√©n del contrapeso",0,0,0,0,0.2,0.15,0.18,0.21,0,0.19,0,0.17,0.16,0,0.14,0,0.15,0.21,0.16,0.26
"Cabros que tal Youtube music en comparaci√≥n a Spotify? Siento que Youtube music tiene mucha m√°s m√∫sica y no viceversa, incluso eso me hizo pensar que muchas veces plataformas tienen ""contenido exclusivo"" pa premiar al cliente y siento que al menos en Spotify eso nunca sucede",0.13,0,0.18,0.22,0,0,0.19,0,0.16,0,0.15,0.18,0,0.19,0,0.15,0,0.22,0.33,0
"De pana. Lo mejor es no tener m√°s anuncios de mierda en Youtube normal. Adem√°s la cuenta la puedes poner en otro celular y que reproduzcan al mismo tiempo. Lo malo es que mi plan de Entel no cubre Youtube como s√≠ Spotify, entonces se me van los datos a la mierda.",0.28,0.18,0.2,0,0,0,0.22,0.26,0,0.23,0.52,0,0.2,0.22,0.34,0.16,0.37,0.27,0,0.86
IMHO no se porqu√© contratar servicios pagados para evitar anuncios si existen cosas como vanced o similar,0,0,0,0,0,0,0.4,0,0,0,0.47,0.19,0.18,0.59,0,0.44,0,0.72,0,0
C√≥mo? Al tener Youtube music tu cuenta de Youtube normal no tiene anuncios? Pens√© que solo en v√≠deos musicales o clasificados como tal,0,0,0.17,0.21,0.2,0,0.19,0.22,0.16,0,0,0,0,0,0,0,0,0,0,0
"Para eso tienes que contratar youtube premium, no youtube music premium solo (youtube premium viene con music premium incorporado)",0,0,0.17,0.22,0.2,0,0.39,0.22,0.16,0,0.3,0.18,0,0.37,0,0.29,0,0.22,0,0
Youtube Music premium solo no existe. Est√° la versi√≥n free y la full que es Youtube Premium,0,0,0.19,0.22,0.22,0,0.2,0.24,0.18,0,0,0,0,0,0,0,0,0,0,0
Me lo vendiste,0,0,0,0,0,0,0,0,0,0,0,0,0,0,0,0,0,0,0,0
Cual creen que es la mejor teleserie Chilena a nivel gui√≥n y argumento?,0,0,0,0,0,0,0,0,0,0,0,0,0,0,0.16,0,0,0.25,0,0
"Pampa Ilusion fue pulenta por el argumento y escenograf√≠a, adem√°s de una DiGir√≥lamo trans que se involucra con un hetero-curioso Reyes",0,0,0,0,0,0.16,0,0,0,0,0,0,0,0,0,0,0,0.22,0.16,0
"El reemplazante por lejos, los dialogos y el argumentos estan bien pensados y llevados a cabo, incluso la interpretaci√≥n es de lo mejorcito que se ha hecho en Chile, es la unica serie en que he visto que se han acercado mas al arquetipo de flaite, sin ser perfecto eso si. En segundo lugar el se√±or de la querencia, si bien el gui√≥n no es la gran cosa, el argumento es bastante bueno y las actuaciones son buenardas. sobre todo por parte de Milostich",0.12,0,0,0,0,0,0.19,0.23,0.17,0,0,0,0,0,0,0,0,0,0,0
"Sin duda el reemplazante es la mejor serie chilena, pero creo que el amigo preguntaba por telenovelas",0,0,0,0,0,0,0,0,0,0,0,0,0,0,0.16,0,0,0.26,0,0
El senador Lindsey Graham ya tiro su guante al bando de qu√© se deben resolver las alegaciones de fraude.,0.13,0.17,0,0.23,0,0.17,0,0.23,0.16,0.2,0,0.18,0.18,0,0,0.3,0.16,0,0.17,0
Ya no soporto los anuncios de Twitch.,0.14,0.18,0.19,0.25,0.21,0,0,0,0.17,0.21,0,0,0,0.2,0,0,0,0,0,0
anda a weiar a otro lado,0,0,0,0,0,0,0,0,0,0,0,0,0,0,0,0,0,0,0,0
quedate piola vo,0,0,0,0,0,0,0,0,0,0,0,0,0,0,0,0,0,0,0,0
Yo ya no soporto a gente quejandose de anuncios en *a√±o actual*,0.12,0.15,0.17,0.2,0.2,0,0.18,0,0.16,0.37,0,0,0.16,0.18,0,0,0,0,0.16,0
Yo ya no soporte a gente quejandose de los que se quejan en a√±o actual,0.13,0.17,0.19,0.22,0.23,0,0.41,0,0.18,0.64,0,0,0.37,0.2,0,0,0,0,0.36,0
"A m√≠ nunca me ha bajado la calidad ni me han aparecido anuncios desde que lo instale hace a√±os atr√°s, incluso para estos d√≠as en d√≥nde han reportado ese problema",0,0,0,0,0,0,0,0,0,0,0.15,0,0.17,0.18,0,0.14,0.16,0.22,0,0.27
Anuncios? limites de calidad?,0,0,0,0,0,0,0,0,0,0,0,0,0,0,0,0,0,0,0,0
Twitch de alguna forma esta bypasseando el bloqueo de anuncios del y que ademas les bloquea la calidad a muchos usuarios de uBlock (a mi no),0,0,0,0,0,0,0,0,0,0,0,0,0,0,0,0.13,0,0,0,0
"normalmente te diria que le dierai no mas, pero como esta media complicada la cosa en t√©rminos de empleo dale una buena pensada.",0,0,0,0,0,0,0,0,0,0,0,0,0,0,0,0,0,0,0,0
"jaja. No s√©, a√∫n no encuentro bien la cr√≠tica correcta pero hay algo detr√°s de estos anim√©s de fantas√≠a que est√° mal.. c√≥mo si otro mundo no fuera realmente posible",0.13,0,0,0,0,0,0.2,0,0,0.21,0.16,0,0.18,0,0,0.15,0,0,0.18,0
"Sii, es pulento el juego, yo igual estoy viciado. La dinamica de las peleas cambia un poco respecto a los dark souls, pero de que se puede esquivar se puede esquivar, yo no hago parry a cada rato si no que alterno entre parry, esquivar y saltar y hasta el momento voy super bien, ya llevo 3 jefes y la historia esta buenarda. A este tipo de juegos hay que tenerles paciencia eso si por lo pel√∫os (las herramientas de la protesis igual apa√±an caleta contra jefes)",0,0,0,0,0.2,0.16,0.19,0.22,0,0.2,0,0.18,0.18,0,0.14,0,0.16,0.22,0.16,0.29
consejo que no cache hasta bien al final del juego: si mantienes el bloqueo activado tu barra de stance se recupera mucho mas r√°pido.,0.14,0,0,0,0,0,0.21,0,0.17,0.21,0,0.19,0,0,0,0,0,0,0,0
"La arquitectura tradicional de asia oriental, en este caso tradicional japonesa es otro nivel de belleza üëåüèº",0,0,0,0,0,0,0,0,0,0,0,0,0,0,0,0,0,0,0,0
"Entero weno, al final es como un juego de ritmo d√≥nde tienes que saber bloquear en el momento justo para hacer el parry. Tip: desbloquea el mikiri counter si a√∫n no lo haces.",0,0.16,0,0,0.42,0.16,0.19,0.23,0,0.2,0.15,0.18,0.17,0.19,0.15,0.14,0.16,0.45,0.17,0.27
Lo tuve que desbloquear para poder matar a un cazador de shinobis que bland√≠a una lanza. Era imposible matarlo sin esa habilidad.,0.12,0,0,0,0,0,0,0.22,0,0,0.14,0,0,0.18,0,0.14,0.47,0.43,0,0.82
"La caga que est√° en el Sur con el covid, porqu√© no tiene primetime en todas las teles?",0,0,0,0,0,0,0,0,0.16,0,0,0,0,0,0,0,0,0,0,0
Pq no es Santiago,0,0,0,0,0,0,0,0,0,0,0,0,0,0,0,0,0,0,0,0
"Podr√≠as descargar Truecaller, que identifica las llamadas dependiendo si alg√∫n otro usuario a guardado el n√∫mero. Por ejemplo si el wn que te llam√≥ se llamaba Camilo Fuentes y alguien lo guard√≥ como Cami Fuentes/Camilo podr√≠as responderle sabiendo esos datos. La app te da la opci√≥n de bloquear los n√∫meros adem√°s.",0,0,0,0,0,0,0,0,0,0,0,0,0,0,0,0.14,0,0,0,0
"Acaba de salirme en una p√°gina que se llama whosenumber.info, qu√© deber√≠a hacer? Edit: La p√°gina adem√°s dice VTR Chile cuando no tengo el n√∫mero vinculado para nada con VTR",0,0,0,0,0,0,0,0,0,0,0.14,0,0,0.18,0,0.14,0,0.21,0,0
"Mi n√∫mero, no hab√≠a entendido bien tu comentario",0,0,0,0,0,0,0,0,0,0,0,0,0,0,0,0,0,0,0,0
"No te preocupes, de todos modos tu idea me hizo darme cuenta de que mi n√∫mero es p√∫blico de cierta forma, gracias &lt;3",0.24,0.16,0.35,0.61,0.41,0.16,0.19,0,0.33,0.39,0,0.18,0.34,0.18,0.14,0.27,0.16,0.22,0.16,0
"No sale nada m√°s que es de Chile, menos mal",0,0,0,0,0,0,0,0,0,0,0,0,0,0,0,0,0,0,0,0
Para la pr√≥xima no respondas y bloquea nom√°s.. cada reacci√≥n de tu parte motiva a buscar una nueva reacci√≥n y no hay informaci√≥n √∫til que puedas obtener en un intercambio con ese tipo de persona.. eso.,0.13,0.16,0.18,0.22,0.2,0.17,0.39,0.45,0.16,0.39,0.3,0.18,0.18,0.19,0.14,0.15,0.16,0.44,0.17,0.29
"Me alter√© tanto que respond√≠ porque es primera vez que me pasa y me cagu√© de susto. Muchas gracias, para la pr√≥xima tomar√© muy en cuenta lo que dices",0,0,0,0.2,0,0,0,0,0,0,0.14,0.17,0,0.18,0,0.13,0.15,0.21,0.16,0
"Esto es serio, tu n√∫mero de tel√©fono se filtr√≥ de alguna manera. Puede que se hayan filtrado por hackeo a una p√°gina con tus datos, en ese caso cambia la contrase√±a de tu correo si es que la repites en alg√∫n otro sitio e intenta evitar usar la misma contrase√±a en varios lados, recomiendo un generador de contrase√±as tipo bitWarden. Tambi√©n puede que haya sido un operario de una casa comercial con acceso a tus datos o de alg√∫n callcenter, en ese caso no s√© que se puede hacer.",0,0,0,0,0.41,0.31,0.19,0.22,0,0.39,0.15,0.18,0.34,0.37,0.14,0.54,0.16,0.44,0.16,0.27
"Chuta, no ten√≠a idea de que pod√≠a ser eso, me tincaba que el loco anduvo generando n√∫meros aleatorios solamente. Me acabo de acostar as√≠ que voy a poner algunas contrase√±as sin alg√∫n generador y ma√±ana ver con mucho m√°s detalle el tema de mi seguridad. Much√≠simas gracias, sin ti no me daba cuenta que estaba con problemas de ese estilo :(",0,0,0.17,0.21,0.6,0.32,0.19,0.22,0.16,0.39,0.29,0.18,0.17,0.37,0,0.57,0.16,0,0,0.57
"Uff es bueno desahogarse, tranqui nom√°s distraete y olvidalo. Estuvo bien lo que hiciste, hay gente pitiada en mala que no entiende que hay weas que no se hacen.",0,0,0,0,0,0,0,0,0,0,0,0,0,0,0,0,0,0,0,0
"Gracias, entiendo que hay gente pitiada pero como dices, voy a distraerme no m√°s uwu",0,0,0,0,0,0,0,0,0,0,0,0.18,0,0,0,0,0,0,0,0
"Ahora cachando la locura espacial que es el movimiento teleevangelista gringo + que se vieron platas gringas en protestas irlandesas contra el aborto. No me sorprender√≠a tanto que incluso le hagan una que otra donaci√≥n ac√°, somos como pa√≠s m√°s tirao hacia los Palestinos pero quiz√° nunca est√° dem√°s meterles plata. (Me saco casquito de aluminio)",0,0.33,0,0.22,0.2,0.17,0.2,0,0.16,0.2,0,0.18,0.18,0,0,0,0.16,0.22,0,0.3
Lucy Ana Aviles. Look it up. La tipa es dominionista y apoya al peor Kast.,0,0,0.35,0,0.41,0.17,0.2,0.45,0,0.4,0.15,0.18,0.18,0.19,0.15,0,0.16,0.44,0.33,0.59
Tu dices recibe plata de evangelistas?,0,0,0,0,0,0,0,0,0,0,0,0,0,0,0,0,0,0,0,0
"Al reves, es del tipo de personas que financia a televangelistas y movimientos ultra conservadores.",0,0,0,0,0.2,0.15,0.18,0.21,0,0.19,0,0.17,0.16,0,0.14,0,0.15,0.21,0.16,0.26
Pero si es un fil√°ntropa de buen coraz√≥n. Financi√≥ el Supertanker y desp√∫es dej√≥ de pasarle plata a la Fundaci√≥n para la Confianza cuando James Hamilton (uno de sus fundadores) critic√≥ a Pi√±era. Muy comprometida con los ni√±os vulnerados.,0.12,0,0,0.21,0.21,0,0.38,0.22,0.16,0.2,0.44,0.36,0.17,0.37,0,0.28,0.16,0.45,0.17,0
"Los evangelicos est√°n creciendo a un nivel increible en todo el continente, estoy seguro que en las siguientes decadas van a ser religi√≥n mayoritaria en alg√∫n pa√≠s en LA. Entiendo que han hecho aportes considerables, como el apoyo a los presos, a la rehabilitaci√≥n de drogadictos y a la expansi√≥n de ciudades en el sur. Pero no me da mucha confianza el culto total hac√≠a un lider que tienen.",0,0,0.34,0,0.2,0,0,0.44,0,0.19,0.29,0.17,0,0.36,0,0.13,0,0.22,0.16,0
"rehabilitaci√≥n de drogadictos La rehabilitaci√≥n de drogadictos es b√°sicamente un resultado colateral de la oportunidad de adoctrinar gente cuando es m√°s emocional, econ√≥mica y socialmente vulnerable. Pero ac√° en el sur de santiago son b√°socamente todos los centros que existen. Da como entre pena y asco.",0.12,0,0,0.59,0.2,0,0.54,0.43,0.16,0.56,0,0.17,0,0.35,0,0.26,0.15,0.42,0.16,0.26
"aportes considerables inversiones. B√°sicamente recursos que dependen totalmente del grupo, se replican solos y que con cada generaci√≥n dan mejores dividendos",0,0,0.21,0.25,0.52,0.19,0.23,0.27,0.21,0.24,0.18,0,0,0.23,0.18,0.17,0,0.28,0,0
A mi preocupa el discurso de evangelistas gringos que dicen que es necesario la existencia de Israel para que inicien los √∫ltimos d√≠as,0.13,0,0.18,0.22,0.2,0.17,0,0,0,0.2,0.15,0,0.18,0.19,0.15,0.15,0.16,0.22,0.17,0
plata ac√° de d√≥nde hacia d√≥nde? O plata de EE.UU. hacia ac√°?,0,0,0,0,0,0,0,0,0,0,0,0,0,0,0,0,0,0,0,0
De usa hacia ac√°,0,0,0,0,0,0,0,0,0,0,0,0,0,0,0,0,0,0,0,0
"De usa hacia ac√° hay varias fundaciones, organizaciones, conglomerados, alianzas, que tienen s√≠miles en Chile y otro pa√≠ses, y casi siempre donan en fondos para caridad y ONGs relacionadas. Que pasen platas pol√≠ticas es mas dificil ya que muchas iglesias no tienen personalidad jur√≠dicas",0,0,0,0.2,0.2,0,0,0,0,0,0.14,0,0.17,0.18,0,0.13,0.16,0.22,0.32,0
"Para financiar iglesias llega plata, eso te lo puedo asegurar. Ahora, conseguir financiamiento para algo m√°s pol√≠tico tampoco ser√≠a complicado ni nada muy tirado de las mechas. Suponiendo que seas conservador y te preocupe mucho un tema espec√≠fico y tienes los contactos necesarios puedes hablar con ellos y venderles la idea de que algo terrible est√° pasando en Chile y conseguir fondos y existe la posibilidad de que te resulte.",0.12,0,0.18,0.42,0.42,0.16,0,0,0.17,0.2,0.45,0,0.35,0.57,0.29,0.42,0.49,0.69,0.5,0.54
"Creo que soy adicto a mi tel√©fono. Cada vez que no estoy haciendo nada, veo mi tel√©fono. A veces cuando no lo ando trayendo me siento raro. Necesito ayuda.",0,0,0.17,0.2,0,0.15,0.18,0,0,0.19,0,0,0.16,0.18,0,0,0,0,0.16,0
"Estoy en las mismas, pero no es solo ver el tel√©fono, sino que me pongo a jugar mientras realizo otras cosas. Tengo que borrar esos juegos üòñ",0.13,0,0.18,0.23,0.41,0,0.21,0.47,0.33,0,0,0,0,0,0,0,0,0.22,0,0
Creo que especialmente en estos tiempos es muy tentador distraerse de la realidad. No digo que este mal la verdad quiz√°s es hasta necesario,0.13,0,0,0,0,0,0,0,0,0.21,0.16,0,0,0.2,0,0,0.17,0,0,0.28
"Es que a√∫n as√≠ creo que es mucho, porque no puedo estar trabajando en el notebook sin mi celu üòñ",0,0,0,0,0,0,0,0,0,0,0,0,0,0,0,0,0,0,0,0
El mismisimo pa√≠s que controla la delicuencia con jubilados armados.,0.12,0,0,0,0,0,0.18,0,0,0,0,0,0,0.18,0,0,0,0,0,0
Quisiera aprender ingles,0,0,0,0,0,0,0,0,0,0,0,0,0,0,0,0,0,0,0,0
"Buena, reddit es super bueno para aprender, si ya tienes una base m√°s o menos decente con solo sumergirte en el idioma vas a ver que mejoras un mont√≥n super r√°pido. Si tienes problemas para escuchar ve canales de youtube gringos, los subtitulos autom√°ticos en ingles son bastante buenos y con el tiempo te das cuenta que no los necesitas, ah√≠ puedes pasar a los podcasts igual. Si encuentras una palabra nueva, Wordreference es tu amigo",0.28,0,0.4,0.47,0.24,0.18,0.64,0.26,0.19,0.45,0.51,0.2,0.39,0.85,0.16,0.31,0.55,0.78,0.38,0.57
Hay discords de habla ingl√©s-espa√±ol en los que hay caleta de gente dispuesta a ayudar,0,0,0,0,0,0,0,0,0,0,0,0,0,0,0,0,0,0,0,0
Comparte alguno !,0,0,0,0.29,0.31,0,0,0,0,0,0.21,0,0,0.27,0,0.2,0,0,0,0
"Vale! Cuales recomiendas? Vi que habian varios. Yo diria que tengo un ingles alto en reading y listening, tambien puedo tener una conversaci√≥n fluida. Lo que me falla a mi es la escritura, ahi me pifio caleta..",0.36,0,0,0,0.42,0.16,0.19,0,0.17,0,0,0,0.34,0,0,0.28,0.16,0,0.17,0
"el Spanish-English Learning Server es super activo, yo siempre estoy ah√≠",0,0,0,0,0,0,0,0,0.22,0.25,0,0,0,0,0,0,0,0,0,0
"Esto debe ser lo m√°s importante, el conversaje",0,0,0,0,0,0,0,0,0,0,0,0,0,0,0,0,0,0,0,0
"lo es, en cuarentena me he metido mucho a hablar por voice-chat a servers de habla inglesa-espa√±ola y mi nivel de ingles va por las nubes, mi fluidez, pronunciaci√≥n y acento tambi√©n",0,0,0,0,0,0,0,0,0,0,0,0,0,0,0,0,0,0,0,0
El acento chileno es sexy me lo dice. Pedro Pascal es mi pastor y nada me haya de faltar,0,0,0,0,0,0,0,0,0,0,0,0,0,0,0,0,0,0,0,0
No viste el detalle de que no es el acento en si. Es PEDRO PASCAL,0,0,0,0,0,0,0,0,0,0,0,0,0,0,0,0,0,0,0,0
"C√°llate, d√©jame so√±ar Pedro pacas es mi pastor Y nada me har√° de faltar.",0,0,0,0,0,0,0,0,0,0,0,0,0,0,0,0,0,0,0,0
"Espero que dkease o choice no hayan formulado esta pregunta, pero aqui va, ustedes creen que Trump tiene un pene peque√±o?",0.13,0,0.18,0.21,0,0,0,0.23,0.17,0.2,0,0,0,0.19,0,0.14,0,0.24,0.17,0
No se. Pero te gustar√≠a verlo?,0,0,0,0,0,0,0,0,0,0,0,0,0,0.21,0,0,0,0,0,0
"Mira, no s√© por que pero es la primera ves que pienso en eso.. y darme cuenta hizo que me preguntara por los penes de demasiadas personas. :/",0,0,0,0.2,0,0,0,0.21,0.16,0.19,0,0,0,0.18,0,0.13,0,0.21,0.16,0
Estas calificado como persona non grata de la Tula de Allende,0,0,0,0,0,0,0,0,0,0.19,0,0,0,0.18,0,0,0,0,0,0
M√°s interesante ser√≠a saber el color. ¬øSer√° como una zanahoria?,0,0,0,0.21,0,0,0.2,0,0,0.21,0,0,0,0.19,0,0,0,0,0,0
"M√°s interesante que el color ser√≠a saber el sabor, sabr√° a cheetos?",0.12,0,0,0.21,0,0,0.39,0,0,0.2,0,0,0,0.19,0.15,0,0,0.23,0,0
blanquito y con pelo rubio.,0,0,0,0,0,0,0,0,0,0,0,0,0,0,0,0,0,0,0,0
"S√≠, debido a su obesidad.",0,0,0,0,0,0,0,0,0,0,0,0,0,0,0,0,0,0,0,0
si yo midiendo metro y medio tengo pene peque√±o entonces Trump que mide casi 2 metros debe tener una pierna como pene,0,0,0,0.41,0,0,0,0.45,0.33,0.39,0,0,0,0.37,0,0.27,0,0.45,0.33,0
As√≠ no funciona el pene pero bueno,0.15,0,0,0.56,0,0,0.24,0.52,0.17,0.23,0,0.21,0.22,0.21,0,0.19,0,0.48,0.19,0
Lo dice el tita shico jejeje,0,0,0,0,0,0,0,0,0,0,0,0,0,0,0,0,0,0,0,0
"A ver que pas√≥ aqu√≠, ?ü§î",0,0,0,0,0,0,0,0,0,0,0,0,0,0,0,0,0.15,0,0.16,0
"S√≠, un poco menos que el promedio",0,0,0,0,0,0,0,0,0,0,0,0,0,0,0,0,0,0,0,0
"Dentro del random semanal, busco alguien que quiera jugar Satisfactory , hacer una base grande desde cero Cualquier cosa me avisan jejej",0,0,0,0,0,0,0.2,0,0,0,0,0,0,0,0,0,0,0,0,0
"Con todo lo bonito y cool que es The Mandalorian, no les har√≠a da√±o que los cap√≠tulos tuvieran un poquitito m√°s de sustancia. 10 cap√≠tulos y 5-6 son puro relleno en que la historia avanza nada. Ni Dragon Ball Z se atrevi√≥ a tanto.",0.12,0,0,0.21,0.21,0,0.19,0,0,0.2,0.15,0,0,0,0.15,0.14,0.16,0.23,0,0.27
"El tema con mando es que el relleno es mas una side quest que episodios botella, y de hecho ayudan al desarrollo del personaje, pensaba lo mismo que tu hasta que cache que simplemente cuentan la historia diferente al resto, quiz√°s estamos acostumbrados a eso tmb",0,0,0,0,0.21,0,0.19,0,0.16,0,0,0,0.17,0,0.14,0,0,0,0,0.27
"¬øLa nueva temporada? No la he visto, pero la primera ya era un poco as√≠ por su formato epis√≥dico.",0,0,0,0,0,0,0,0,0,0,0,0,0,0,0,0,0,0,0,0
"Si fuera 100% episodico lo entender√≠a, pero hacen el tease de que van a pasar cosas importantes (escena final primera temporada, escena final cap√≠tulo anterior) y no pasa nada por un buen rato. Y con tan pocos cap√≠tulos no deber√≠an rellenar tanto. Creo que si cortaran el relleno de la primera temporada les quedar√≠a perfecta una pel√≠cula de mas menos dos horas.",0.12,0,0.17,0,0,0,0.19,0.22,0.16,0,0.14,0,0,0,0.14,0,0.31,0,0.32,0.27
"S√≠, igual debe ser por dise√±o. Mi impresi√≥n es que Disney no se quiere comprometer con lo que es canon en Star Wars, entonces la historia se desarrolla en su mayor parte con aspectos adyacentes de lo que ha sido generalmente el foco principal de SW y ocupa la trama de Baby Yoda para mantener la atenci√≥n de quienes esperan esa parte m√°s jugosa del universo.",0.12,0,0.17,0.2,0.2,0,0.18,0,0.16,0.19,0.29,0.35,0,0.36,0,0.13,0,0.64,0,0
"Recomiendan alg√∫n cerrito o recorrido para hacer trekking en santiago y/o alrededores? Cualquier cosa con algo de belleza y que no est√© toda seca ser√≠a genial. Edit: Csm me equivoqu√© de hilo, me he convertido en lo que jur√© destruir. Oh, well.",0.14,0.18,0.2,0,0.24,0.18,0.21,0,0,0,0.17,0,0.19,0.21,0.16,0.47,0.36,0.52,0.19,0.28
El cerro del medio en barnechea est√° bastante bueno. Hicieron dos caminos para subir y tiene bonita vista.,0,0,0,0,0,0,0,0,0,0,0.17,0,0,0.22,0,0.16,0,0.27,0,0
"est√° bueno el dato, gracias!",0,0,0,0,0,0,0,0,0,0,0,0.31,0,0,0,0,0,0,0,0
"La Quebrada de Macul ta re piola, hay pozones y harta vegetaci√≥n.",0,0,0,0,0,0,0,0,0,0,0,0,0,0,0,0,0,0,0,0
He ido y siempre la encuentro m√°s seca que la chucha. Por qu√© lado subes?,0,0,0,0,0,0,0,0,0,0,0,0,0,0,0,0,0,0,0,0
"Entro por Diagonal Las Torres y voy pegadito al r√≠o todo el rato, eventualmente llegai a las pozas y hay una cascada bien bonita. Capaz te ibai hacia el lado norte, como est√° m√°s lejos del r√≠o es re seco.",0,0,0.37,0.43,0.44,0.33,0.39,0,0.35,0.41,0.31,0,0,0.39,0.3,0.29,0.33,0,0,0
"Ya todo est√° seco en esta √©poca xD En el Array√°n tienen cerrado el trekking. Puede ser El Morado? Hasta la lagunita, pero no te puedes ba√±ar.",0.13,0,0,0.22,0,0,0,0,0,0,0,0,0,0,0,0,0,0,0,0
"No lo cachaba, se ve bonito pero me queda a la csm jaja quiz√°s m√°s adelante, grax",0,0,0,0,0,0,0,0,0,0.2,0,0,0,0,0,0,0,0,0.17,0
"CORXEA COCINANDO CON LA BOCA, los papas le escondieron todos lo cuchillos de la casa para que no se matara, as√≠ que ahora en vez usar cuchillos corta las cosas con los dientes. Es el cap√≠tulo especial de supervivencia, ctm hace tiempo que no me re√≠a tanto con alguien cocinando.",0.12,0,0,0,0,0,0.19,0,0,0.2,0.3,0,0,0.38,0.15,0.14,0.33,0.23,0,1.35
Viejo el video.,0,0,0,0,0,0,0,0,0,0,0,0,0,0,0,0,0,0,0,0
quien es? Me cayo pesimo pero no puedo seguir no viendolo,0.12,0.15,0.17,0.2,0,0.15,0.18,0,0,0,0,0,0,0,0,0,0.15,0,0,0.26
No entiendo c√≥mo todav√≠a no lo echan de la casa.,0,0,0,0,0,0,0,0,0,0,0,0,0,0,0,0,0,0,0,0
"estoy escuchando a un wn de 28 a√±os, dar lecciones sobre c√≥mo puede mantenerse por su cuenta gracias a su super inteligencia y que todo es culpa de sus padres. mientras muerde weas y escupe en una olla. :/ Igual entrete",0.12,0.16,0,0,0.21,0.16,0,0,0,0,0.15,0.18,0.18,0,0,0.14,0.33,0,0.17,0
El internet es una cosa m√°gica,0,0,0,0,0,0,0,0,0,0,0,0,0,0,0,0,0,0,0,0
"y que tus padres te paguen los gastos, tambi√©n.",0,0,0,0,0,0,0.19,0,0,0,0.15,0,0,0,0,0.15,0,0.22,0,0
"Tenemos que entender las enfermedades mentales, esa familia no deber√≠a que afrontarlo solo pero lamentablemente as√≠ funciona chilito.",0,0,0.36,0.23,0.41,0,0.41,0.23,0.16,0,0,0,0,0,0,0,0,0,0.17,0
"No s√© si ser√° verdad, pero que sean m√©dicos ya hace las cosas menos entendibles",0,0,0,0,0,0,0,0,0,0,0,0,0,0,0,0,0,0,0,0
"El intento de suicidio no es normal. Cualquiera sea su forma debe ser considerada como una enfermedad, el auto mutilarse es muy malo desde cualquier punto de vista.",0,0.16,0.36,0,0,0.16,0.38,0,0,0,0,0,0,0,0,0,0.16,0,0,0
"No s√© de que est√°s hablando, yo digo que si es verdad que sus padres son m√©dicos presumo que tienen plata y conocimientos suficientes para ayudarlo. Ahora no s√© que diablos tendr√° pero tampoco parece que asuma tener un problema.",0.12,0.15,0.17,0,0,0.15,0.18,0,0,0.19,0.14,0,0.33,0.36,0.14,0.13,0.31,0.21,0.16,0.54
"al final se come el pollo con la boca al mismo tiempo que el perro come pollo, es algo dantesco.",0.18,0,0,0.34,0,0,0.29,0,0,0.26,0.19,0,0,0.24,0,0,0.42,0,0,0.92
me acord√© de este conchetumare,0,0,0,0,0,0,0,0,0,0,0,0,0,0,0,0,0,0,0,0
"The VOMELETTE, se me revolvio el estomago de solo verlo. jackass estaba 10 a√±os adelantado en el tiempo.",0.13,0,0.19,0.22,0.22,0,0.2,0.24,0.18,0.21,0.16,0,0,0.2,0,0,0.17,0,0,0.27
Y los van a formalizar por tr√°fico de drogas. Suena como un momento muy xd del ministerio p√∫blico,0,0,0.17,0,0,0,0,0,0,0,0.14,0,0,0,0,0,0,0,0,0
"Est√°n en prisi√≥n preventiva por al menos dos meses por infracci√≥n a la ley N¬∞ 17.798 sobre el control de armas y explosivos, la formalizaci√≥n que se realizar√° es por infracci√≥n a la ley 20.000 de drogas. Finalmente se precis√≥ que Daniel y Sebasti√°n Queipul est√°n siendo investigados tambi√©n por el delito de tr√°fico de drogas, luego de una venta que super√≥ el kilo de marihuana, efectuada el pasado 1 de julio. Detienen a 2 integrantes de comunidad Temucuicui de Ercilla comprando m√°s de 500 municiones",0.12,0.16,0,0,0.4,0.16,0,0.44,0.31,0.57,0.14,0.17,0.17,0.54,0.14,0,0.31,0.21,0.16,1.1
"Un kilo de marihuana"" m√°s o menos, 2 metros cuadrados de plantas considerando que vendieron cogollos secos o wow un gran golpe contra el narcotr√°fico/s, se lee como que se lo sumaron para verse m√°s bacanes, no quiero decir con esto que no hay que perseguir delitos con son el tr√°fico de municiones, pero. ¬øPor qu√© estaban vigilando a estos dos wn?",0.12,0.15,0.17,0.4,0.41,0.15,0.55,0.22,0.32,0.39,0.44,0.35,0.17,0.18,0,0.41,0.31,0.44,0,0.8
"Infiero que primero estaban espiando al armero, luego sacan la autorizaci√≥n para espiar al contacto que hace la transacci√≥n con la comunidad de temucuicui y finalmente la autorizaci√≥n para espiar a estos 2 que cayeron presos. Aunque pudo ser al rev√©s porque por el edit que puse agregando info a mi comentario, no se dedican a vender lechugas.",0,0,0,0,0,0,0,0,0,0,0.44,0,0,0.37,0,0.28,0,0.65,0,0
No sabemos si son hortalizeros o tu dices que se ganaban las Lucas vendiendo droga?,0,0,0,0,0,0,0.21,0.23,0.16,0,0,0,0,0,0,0,0,0.22,0,0
santiaguino que no a pisado la Araucan√≠a be like,0,0,0,0,0,0,0,0,0,0,0,0,0,0,0,0,0,0,0,0
Que tan normal es la compra de municiones de esta manera? Hablo como serenense acostumbrado con campos poco acostumbrado de andar armados,0,0,0,0,0,0,0,0,0,0,0,0,0,0,0,0,0,0,0,0
"Lo normal es tener armas de caza, te cuentan las municiones y necesitas permiso, hasta pruebas psicol√≥gicas se necesita, en Chile por lo menos es s√∫per regulado.",0,0,0.37,0.43,0,0.33,0.4,0,0,0.42,0,0,0.36,0.39,0,0,0,0,0.35,0
"eso lo s√©, por eso. Que tan com√∫n es comprar municiones en negro?",0,0,0,0,0,0,0,0,0,0,0,0,0,0,0,0,0,0,0,0
"Buena pregunta, yo s√≥lo s√© a trav√©s de que lo com√∫n es que milicos vendan al mercado negro ya sea actuando v√≠ctimas de robo, actuando un robo o derechamente vender lo que es descartado a destrucci√≥n. No veo tan f√°cil hacer llegar armamento a Chile que no sea para fuerzas armadas, a menos que sea a trav√©s de mulas en el norte.",0,0.17,0.36,1.13,1.02,0.35,1.01,0.46,0.33,0.4,0.3,0.37,0,0.57,0.44,0.15,0.16,0.22,0.17,1.22
"Pero ac√° se compro a un armero pero sin la boleta, m√°s que un tr√°fico m√°s complejo.",0,0,0,0,0,0,0,0,0,0,0,0,0,0,0,0,0,0,0,0
No he pisado nunca una araucaria :(,0,0,0,0,0,0,0,0,0,0,0,0,0,0,0,0,0,0,0,0
"Viendo la lista de personas que desaparecieron misteriosamente pre-1970 en la wikipedia, vi que hay un Chileno famoso. A ver si adivinan qui√©n es antes de abrir el link. https://en.wikipedia.org/wiki/List_of_people_who_disappeared_mysteriously:_pre-1970",0,0.17,0.19,0,0.22,0,0,0,0,0.21,0,0.19,0.18,0,0,0.15,0.17,0,0,0
"Como lectura necturna son entretenidos esos art√≠culos, aunque me gusta mas los que desaparecidos... aparecieron. https://en.wikipedia.org/wiki/List_of_solved_missing_person_cases",0,0,0,0,0,0,0.21,0,0.19,0,0,0,0,0.21,0,0,0.18,0,0,0
M√°s perdido que Luciano Bello,0,0,0,0,0,0,0.18,0,0,0,0,0,0,0,0,0,0.15,0,0,0
Alguien sabe donde venden teclados a un precio un poco mas econ√≥mico? hace rato que quiero un teclado/sintetizador yamaha (modx8 o mx88) pero est√°n super caros en comparaci√≥n a 1 a√±o atr√°s. Me sale m√°s barato encargarlo de afuera o es mucho riesgo? quer√≠a cachar con el black friday gringo pero no s√© ni en que paginas ver adem√°s de amazon y.y,0.12,0.3,0.17,0.4,0.2,0.15,0.18,0.22,0.16,0,0,0,0.17,0.18,0.14,0,0,0.22,0,0.26
Los Bielorrusos se fueron a paro general hace como 2 semanas y lukashenko esta ah√≠ tan contento.,0,0,0,0,0,0,0,0,0,0,0.17,0.2,0,0.21,0,0.16,0,0.26,0,0
"putin est√° en su peor momento la mayor√≠a de las ex rep√∫blicas sovi√©ticas esta con problemas, la idea de aumentar influencia en su zona se le escap√≥ de las manos. En cualquier momento se polarizan y terminan como crimea.",0,0,0.18,0.22,0,0,0.39,0,0.16,0,0,0.18,0.18,0.19,0,0,0.16,0.44,0.17,0.59
"No todas, los checos que yo sepan est√°n piolas no en bolas muy homof√≥bicos/autoritarias o con guerra en la frontera",0,0,0,0,0,0,0,0,0,0,0,0,0,0,0,0,0,0,0,0.27
"Czechia nunca formo parte de la URSS, y su gobierno es bastante nefasto, ademas de formar parte del Grupo de Visegrado.",0,0,0,0,0,0,0,0,0,0,0,0,0,0,0,0,0,0,0,0
"No fue parte pero su relaci√≥n cultural con la urss no puede ser saltada y well shit se me cayeron, el autoritarismo deja la caga en todos lados, es como una herida que no sana la wea.",0,0,0,0,0,0,0,0,0,0,0,0,0,0,0,0,0,0,0,0
"https://www.biobiochile.cl/noticias/internacional/america-latina/2020/11/08/argentina-admite-que-ara-san-juan-fue-hallado-1-ano-antes-por-buque-chileno-no-quiso-reconocerlo.shtml Loco, que feo, no podis jugar con las familias de los marinos por un a√±o entero por plata. Also la ayuda desinteresada de todo el mundo botada a la basura, que verg√ºenza que haya gente as√≠, sobre todo en el mundo marino, donde usualmente hay m√°s respeto a la vida y familias",0.24,0,0.18,0,0.21,0,0.19,0,0,0.4,0,0.18,0.17,0.19,0.15,0.28,0.16,0,0,0.27
"A√∫n as√≠ no es tan malo como lo que paso con el submarino ruso Kursk, en donde los locos segu√≠an vivos, pero Rusia no ten√≠a los equipos necesarios para sacarlos, otros paises ofrecieron ayuda ya que contaban con la tecnolog√≠a para hacerlo y Putin se neg√≥. Cuando el wn acept√≥ luego de la presi√≥n de su gente ya estaban todos muertos.",0.25,0.49,0,0.21,0.22,0.16,0.59,0,0.17,0.41,0.31,0,0.72,0.39,0.15,0.58,0.33,0.71,0.34,0.27
Lo mismo hizo la Marina chilena hace un tiempo con un bote de pescadores. No ayudaron ni dejaron a los dem√°s pescadores ayudar a sus colegas que lentamente se ahogaban dentro de la embarcaci√≥n. Por ah√≠ anda el v√≠deo.,0.12,0,0,0,0,0,0.19,0,0,0.39,0.15,0,0,0.18,0,0,0.16,0,0,0.56
"Oof, pensaba que lo del kursk fue en la guerra fr√≠a. Me voy a pegar una repas√° de los hechos",0,0,0,0,0,0,0,0,0,0,0,0,0,0,0,0,0,0,0,0.29
Gracias por darle palabras a lo que pensaba,0,0,0,0,0,0,0,0,0,0,0,0.19,0,0,0,0,0,0,0,0
habian 44 personas en el submarino y segun wikipedia habia la vida de gente busc√°ndolo de un monton de paises. Todo para que: el gobierno de Mauricio Macri y la oficialidad de la Armada retras√≥ el hallazgo de la nave por razones econ√≥micas. igual una parte conspiranoica mia piensa que podr√≠a haber algo en el submarino que argentina no quer√≠a se supiese por lo cual obstaculizaron su encuentro desde droga hasta un enfrentamiento con inglaterra,0,0.16,0.17,0.42,0.2,0.16,0.19,0,0,0.19,0.29,0,0,0.55,0,0.28,0.16,0.22,0,0
"Descarta el enfrentamiento, la misma RN estaba ayudando en el SAR, lo de la droga no tiene mucho sentido, que yo sepa usuhaia no es un centro de producci√≥n de droga tan grande como para necesitar un veh√≠culo tan caro.",0,0,0.17,0.2,0,0.15,0.37,0,0,0.19,0.14,0,0.17,0.36,0.14,0.13,0,0.21,0.32,0
"Cacharon que el articulo dice que el submarino mediria 33 metros ya que se habria deformado por la presion. Revise en wikipedia cuanto media originalmente y dice que 65 metros. La wea brigida, quedo comprimido a la mitad de lo que era.",0.12,0.16,0,0.2,0.2,0.16,0.37,0,0,0.19,0,0,0.17,0,0,0.28,0,0,0.16,0.28
"Son√≥ tan fuerte que los micr√≥fonos hechos para detectar explosiones nucleares lo captaron a miles de kil√≥metros, lo √∫nico consolador de algo as√≠ es que los marineros no sufrieron...",0,0,0.38,0,0.23,0.17,0,0,0.18,0.21,0.16,0,0,0.2,0.16,0.15,0,0.25,0,0.28
los marineros no sufrieron durante todos los minutos previos mientras se hund√≠an?,0,0,0.19,0,0,0.17,0,0,0,0.22,0,0,0,0,0.16,0,0,0,0,0.28
"al final no hubo un contagio masivo en chile despu√©s del 25 de octubre? ya pasaron los 14 d√≠as de asintomatia. adem√°s desde julio los casos se estancaron, mientras en espa√±a aumentan las medidas de resguardo aca en chile las comunas pasan a fase 4 de desconfinamiento.",0,0,0.17,0.4,0.2,0,0.36,0,0.16,0.19,0,0,0,0.18,0,0,0.31,0.21,0.48,0
"Yo creo que porque a diferencia de EEUU y Europa, aqui se usa harto la mascarilla. Bien, mal, y a veces, pero se usa. Habia un weon grabando en las calles de Londres por harto rato y nadie usaba nada.",0,0,0,0,0,0,0,0,0,0,0,0,0,0,0,0,0,0,0,0
Ver las muertes diarias del 7 de junio es impactante.,0.14,0,0,0,0,0,0,0,0,0,0,0,0.19,0,0,0,0,0,0,0
"Por ahora el verano es nuestro aliado gracias a la alta radiaci√≥n solar que hace bajar la circulaci√≥n del virus. El problema es que la gente se relaje mucho hasta que comience el oto√±o, el fr√≠o y la humedad que favorecen la expansi√≥n del virus.",0,0,0.5,0.2,0.2,0.15,0.36,0.43,0.47,0,0,0.17,0.16,0,0.14,0,0.3,0,0,0.26
Al menos no hubo efecto votaciones ni efecto marcha del 18O. La 2da ola puede venir igual y el sur est√° bien complicado. Quiz√°s el efecto verano ayude a qu√© sea m√°s manejable,0,0,0,0,0,0,0,0,0,0,0,0,0,0,0,0,0,0,0,0
ojala el efecto verano sea real y la vacuna nos llegue antes de junio.,0,0,0,0,0,0,0,0,0,0,0,0,0,0,0,0,0,0,0,0
"C√≥mo van las cosas con Rozas, a este paso ya me veo protestando con un Paco al lao",0,0.16,0.18,0.22,0,0,0.19,0,0,0,0.15,0.18,0.18,0,0,0,0.32,0.22,0.17,0.29
üíÄ yop esperando que los mods hagan otro thread de citas,0.14,0,0.2,0,0,0,0,0,0,0,0,0,0,0,0,0,0,0,0,0
"Tu y yo, sentados en el sofa viendo r/Awww y comiendo pan casero. No lo s√©, pi√©nsalo",0,0,0,0,0,0,0,0,0,0,0,0,0,0,0,0,0,0,0,0
que sea constitucional,0,0,0,0,0,0,0,0,0,0,0,0,0,0,0,0,0,0,0,0
"No pens√© que tendrian apoyo ambos threads, tanto el de los sabados como el de citas xd",0,0,0.17,0,0.2,0,0,0.22,0,0.19,0.15,0,0,0.18,0,0,0,0.21,0.16,0
que vuelvan los threads de los s√°bados!,0,0,0,0,0,0,0,0,0,0,0,0,0,0,0,0,0,0,0,0
"Apoyo la moci√≥n, con toda violencia!",0,0,0.19,0,0.21,0,0.23,0.25,0,0.44,0.16,0,0,0.21,0,0,0,0.23,0.18,0.35
ya somos dos,0,0,0,0,0,0,0,0,0,0,0,0,0,0,0,0,0,0,0,0
Con ese username no entiendo c√≥mo puede ser eso,0,0,0,0,0,0,0,0,0,0,0,0,0,0,0,0,0,0,0,0
"Por el amor del bebe Jes√∫s, Sparks es una banda de rock excepcional.",0,0.25,0.28,0,0.36,0,0,0,0,0.32,0.24,0.29,0,0.6,0,0,0,0,0.53,0
Sparks Brian May estuvo a punto de ser su guitarrista,0,0,0,0,0,0,0,0,0,0,0,0,0,0,0,0,0,0,0,0
"siempre he querido saber qu√© jugos o bebidas ser√°n ricas/sabrosas sin ser toxicas, no solo para la ca√±a sino como casi un gustito porque igual me aburro de tomar siempre ice tea o agua benedictino (y sus subrproductos)",0,0.16,0.36,0.63,0.43,0.16,0.58,0.46,0.17,0.4,0.15,0,0,0.76,0,0.14,0,0.46,0.34,0.27
"Los jugos generalmente son m√°s ricos (y harto m√°s caros) que los n√©ctares. F√≠jate en el pasillo donde venden el jugo quillayes de naranja, que es solo naranja exprimida, sin az√∫car ni otras cosas, tambi√©n venden el ""exprimido"" de watts, y el AFE, que el de ciruela lo encuentro bastante rico. Normalmente no est√°n donde mismo encuentras los nectar.",0,0,0.17,0.6,0.2,0,0.56,0.66,0.16,0.39,0,0,0,0.37,0,0,0,0.44,0.32,0.53
Su limonada de menta,0,0,0,0,0,0,0,0,0,0,0,0,0,0,0,0,0,0,0,0
"Si la encuentras, Socos de manzana es mas rica que la cresta.",0,0,0,0.24,0,0,0.22,0.27,0,0.23,0,0,0,0.22,0,0,0,0.27,0.2,0.29
A mi me gusta comprar agua con gas y le pongo te verde con maracuy√° y naranja o jengibre le da un sabor medio picante muy rico uwu,0.13,0,0,0.22,0,0,0.61,0.24,0,0.21,0,0,0,0.4,0.16,0,0,0.49,0.18,0.28
Hombre de cultura.,0,0,0,0,0,0,0,0,0,0,0,0,0,0,0,0,0,0,0,0
Yo estoy tomando aguas con sabor marca Aquarius. Son super ricas y bastante economicas.,0.15,0,0,0.25,0,0,0.46,0.27,0,0.24,0,0,0,0.23,0.18,0,0,0.57,0.2,0.29
¬øPor qu√© no?,0,0,0,0,0,0,0,0,0,0,0,0,0,0,0,0,0,0,0,0
"Si bien ac√° la mayor√≠a de la prensa vale pico, esperemos que nunca lleguemos al nivel de creerle todo a solo un wn porque la prensa lo odia.",0.3,0.19,0.64,0.5,0.52,0.19,0.46,0.27,0.42,0.24,0,0.22,0,0.23,0.18,0.17,0.2,0.28,0.2,0.58
"Que manera de entender mal el problema de la prensa. El problema de la prensa es que la opinion publica este completamente moldeada por lo que la prensa al unisono, diga. Sabes la ultima vez que paso algo asi? en Argentina, cuando salio macri, gracias a la oposicion de Clar√≠n a Kirchner. Esta bien que haya un cuarto poder. Pero esta mal que lleguen al punto de intervenir sobre los procesos oficiales",0,0,0,0,0,0,0,0,0,0,0,0.17,0.51,0,0.14,0,0.47,0,0.16,0.83
"No he dicho lo contrario. El problema recae cuando llega el mes√≠as que ataca a la prensa y se transforma para muchos el que realmente tiene la informaci√≥n correcta y el que trae conspiraciones a luz. El tema de Qanon naci√≥ gracias a la desconfianza de la prensa y est√° bien, pero cuando te das cuenta que Qanon esta todo el rato con trust the plant, emperor Trump will save us, la wea se fue a la mierda y ya es un culto.",0,0.16,0.18,0,0,0,0.38,0,0,0.2,0.15,0.18,0.35,0.19,0,0.14,0.33,0.46,0,1.08
"VisualPolitik hizo un video del proceso constituyente Chileno, opiniones?",0,0,0,0,0,0,0,0,0,0,0,0,0.16,0,0.14,0,0,0,0,0.26
Nunca entend√≠ la gracia de ese canal. Encuentro que su contenido es muy superficial.,0,0,0,0,0,0,0,0,0,0,0,0.18,0,0,0,0,0,0,0,0
Desde que vi el video sobre las protestas ya no los pesco.,0,0.17,0,0.23,0,0,0.2,0,0,0,0,0.18,0.18,0,0,0,0.16,0.22,0,0.31
Yo vi uno sobre el sueldo m√≠nimo y chao con ellos,0,0,0,0,0,0,0,0,0,0,0,0,0,0,0,0,0,0,0,0
parecen weones discutiendo en los comentarios,0,0,0,0,0,0,0,0,0,0,0,0,0,0,0,0,0,0,0,0
Te aburriste de hacer preguntas sobre EE.UU.,0,0,0,0,0,0,0,0,0,0.22,0,0,0,0.21,0,0,0,0,0.19,0
"Es como pato navia de los an√°lisis internacionales, eh",0,0,0,0,0,0,0,0,0,0,0,0,0,0,0,0,0,0,0,0
¬øEl mismo que prometi√≥ una vacuna antes de las elecciones?,0.13,0.17,0,0.21,0.22,0.16,0,0.23,0,0.21,0.16,0.19,0.18,0.19,0.15,0.14,0.17,0,0.17,0
Trump hab√≠a hablado de disponibilidad,0,0,0,0,0,0,0,0,0,0,0,0,0,0,0,0,0,0,0,0
"si el criminal de guerra te dice que te estay pegando el shou, es porque te estai pegando el shou",0,0,0,0,0,0,0,0,0,0,0,0,0,0,0,0,0,0,0,0.66
"igual tiene raz√≥n (ni idea si siempre a sido as√≠), pero me parece bastante est√∫pido que se ""oficializa"" que gano un presidente cuando portales de noticias grandes lo ""confirman"" en vez de esperar alg√∫n comunicado del organismo correspondiente o el conteo oficial de votos (ni idea si hay un servel equivalente all√≠)",0.13,0,0.18,0,0,0,0.4,0.23,0.16,0,0,0,0,0,0,0.15,0,0.22,0,0.3
"https://www.reddit.com/r/chile/comments/jmlgaw/_/gbgtn4z No tienen un equivalente, cada estado mide sus votos",0,0,0,0,0,0,0,0,0,0,0,0,0,0,0,0,0,0,0,0
"Por a√±os ha sido asi y nunca ha habido ning√∫n problema m√°s que el a√±o 2000 por la diferencia de 500 votos entre Bush y Al Gore. Que el n√∫mero sea ""oficial"" es netamente porque las matem√°ticas al ser humano nunca le fallan y las mesas que realizan est√°s estimaciones ya es imposible que se equivoquen sobre todo por la diferencia de votos que hay entre los candidatos. Trump al final est√° apelando a la ignorancia se muchos sobre el tema y el odio contra la prensa.",0.25,0,0.18,0,0.65,0,0,0.23,0.17,0.41,0,0,0.36,0.19,0,0,0.17,0.23,0.17,0.82
"terminan el proceso como en diciembre xD por eso esperan a que alguna instituci√≥n se la juegue, a este punto se sabe que los votos que quedan benefician a Biden y que es pr√°cticamente imposible que Trump de vuelta la diferencia de votos. Como cada estado e incluso cada condado tiene un sistema distinto, el sistema funciona como el pico(Yay! descentralizaci√≥n desenfrenada)",0.12,0.16,0.18,0.21,0.21,0.16,0.19,0,0,0,0,0,0.17,0,0.29,0.14,0.16,0,0,0.54
"Siempre ha sido as√≠. El 2016 declararon a Trump ganador la misma noche de elecciones pq era bastante evidente que hab√≠a llegado ya a los 270 votos electorales. Si tuvieran que esperar a que todos los resultados de los estados estuvieran certificados tendr√≠an que esperar hasta el 11 de diciembre, que es la fecha l√≠mite para California.",0.27,0,0.39,0,0,0,0.21,0.25,0.19,0,0.16,0,0,0.21,0,0.15,0,0.51,0,0
Ya dej√≥ de ser divertido presenciar su pataleta en tuiter,0,0,0,0,0,0,0,0,0,0,0,0,0,0,0,0,0,0,0,0
"No es una pataleta, es su s√∫per plan maestro 900X",0,0,0,0,0,0,0,0,0,0,0,0,0,0,0,0,0,0,0,0
Lamestream no es un mal nombre de Twitch.,0,0,0,0,0,0,0,0,0,0,0,0,0,0,0,0,0,0,0,0
¬øQu√© opinan de que la coordinadora nacional de inmigrantes tire candidatos para constituyentes?,0,0,0,0,0,0,0,0,0,0,0.14,0,0,0.18,0,0.13,0,0.21,0,0
"Me parece bien, ya que como ellos lo manifestaron, llevan a√±os aca, pagan sus impuestos, imponen en Chile y les interesa la gesti√≥n de este pa√≠s m√°s del que de donde vienen.",0,0,0,0.39,0,0,0.54,0.21,0,0.37,0.14,0,0.16,0.18,0,0.13,0.15,0.21,0.16,0.26
"Creo que es muy bacan. Los candidatos deber√≠an salir desde el activismo social, muchos llevan a√±os peleando y cachan de lo que hablan. Ojal√° no votar por famosos o por pol√≠ticos que salieron de las catacumbas xd",0,0,0,0,0,0,0,0,0.16,0.19,0,0,0,0,0,0,0,0,0,0
"En el Servel sali√≥ una nueva lista de vocales de mesa para primarias 2020, junto con cambios de lugar de votaci√≥n.",0,0,0,0,0,0,0,0,0,0,0.15,0,0,0.19,0,0.14,0,0.22,0,0
"Para el plebiscito me cambiaron a un colegio a la cresta de mi casa. Ahora me devolvieron al que estaba antes, igualmente a la cresta de mi casa.",0,0,0,0,0,0,0,0,0,0,0.14,0,0,0.18,0,0.13,0,0.21,0,0
"Mi lugar de votacion quedaba a 30-40 minutos de mi casa, en transporte publico. Me cambiaron a otro lugar que queda a 1 hora aprox. de mi casa.",0,0,0,0,0,0,0,0,0,0,0,0,0,0,0,0,0,0,0,0
"Me pas√≥ lo contrario, me mandaron de uno a 1 hora aprox en micro, a uno a media hora. Primera vez que me cambian de recinto como en 10 a√±os.",0,0,0,0,0,0,0,0,0,0,0,0,0,0,0,0,0.15,0,0.16,0
"Shi, me cambiaron a tres cuadras por fin",0,0,0,0,0,0,0,0,0,0,0,0,0,0,0,0,0,0,0,0
"Tras una larga serie de eventos desafortunados, considero seriamente irme del pais. Soy profesor de ingles y pensaba en estudiar algo afuera, quisiera irme a Escocia o Nueva Zelanda, que tan dificil es hacerlo? Validar mis estudios igual? Pd: Estoy al tanto de lo inutil que son mis estudios en un pais de habla inglesa.",0.12,0,0,0.2,0.2,0,0.18,0.21,0,0,0.14,0,0.33,0,0.14,0.13,0,0.21,0.31,0
NZ esta lleno de chilenos,0,0,0,0,0,0,0,0,0,0,0,0,0,0,0,0,0,0,0,0
"Poner tu vida en orden en Chile va ser m√°s f√°cil que armar una nueva en otro pa√≠s. Anda de vacaciones, tu solo, a uno de esos lugares, ""despejate"" e intenta de nuevo.",0,0,0.2,0.23,0.24,0.18,0.21,0.25,0.19,0,0,0,0,0,0,0,0,0,0,0
Alla ya saben hablar ingles,0,0,0,0,0,0,0,0,0,0,0,0,0,0,0,0,0,0,0,0
puede hacerle clases a inmigrantes o:,0,0,0,0,0,0,0,0,0,0,0,0,0,0,0,0,0,0,0,0
Los japonenes necesitan profes de ingl√©s y espa√±ol (no s√© por qu√© pero parece que les gusta este √∫ltimo).,0,0,0.17,0.22,0,0.16,0.19,0,0,0.2,0,0,0.18,0.37,0,0,0,0,0.17,0
Por lo que s√© es porque fon√©ticamente es f√°cil (se escribe como se pronuncia) y les parece ex√≥tico.,0,0,0,0,0,0.16,0,0,0,0,0,0,0,0,0,0,0,0,0,0
Y ac√° no se aprende castellano espa√±olense.. acaso?,0,0,0,0,0,0,0,0,0,0,0,0,0,0,0,0,0,0,0,0
"Conseguir una visa de trabajo no es f√°cil, menos en pa√≠ses desarrollados.",0,0,0,0,0,0.17,0,0,0,0,0,0,0,0,0,0,0,0,0,0
"As√≠ es, con las inmigraciones masivas se han puesto duros, hay que llegar casi con contrato listo e indefinido para qje te dejen all√°",0.12,0,0,0,0,0,0.37,0,0,0.19,0.44,0.18,0,0.55,0,0.27,0,0.22,0,0
"Para actualizar su vocabulario. Hay un nuevo t√©rmino que ronda en Reddit: Amber No es Floridaman ni Karen, ahora la moda es Amber. El caso de jhonny depp logr√≥ eso xD",0,0.15,0.17,0.2,0.2,0,0.18,0,0.16,0,0.14,0,0.17,0.36,0,0.27,0,0.43,0,0
"El caso de jhonny depp logr√≥ eso xD Pero, ""Amber Lamps"" es mas viejo que eso.",0,0,0,0,0,0,0,0,0,0,0,0,0,0,0,0,0,0,0,0
Ah chuta pens√© que era mas actual. Te metes a Dankmemes y todos son acerca de la noticia del despido de Warner a depp.,0,0,0,0,0.2,0,0,0,0.16,0,0.14,0,0,0,0.14,0,0,0,0,0
"Si el actual es actual, pero hay esa referencia pasada",0,0,0,0,0,0,0,0,0,0,0,0,0,0,0,0,0.17,0,0.17,0
"No entiendo, el Jhonny Depp sali√≥ culpable o inocente??",0.17,0,0,0,0,0,0,0,0,0,0,0,0,0,0,0.19,0.22,0,0,0
"Uno de estos diarios amarillistas britanicos lo llam√≥ ""abusador de mujeres"". √âl los demand√≥ por difamaci√≥n y perdi√≥ ese juicio porque probar difamaci√≥n de una figura p√∫blica no es f√°cil. No es que sea culpable ni inocente en ese caso (que es la raz√≥n por la que WB lo sac√≥ de Fantastic Beasts). Pero de que mutuamente se pegaban con la Amber, lo hac√≠an.",0.25,0,0,0,0,0.17,0.2,0,0,0,0,0,0,0.19,0.15,0.29,0.48,0.22,0,0.29
"Eso mismo, ac√° por lo que veo en reddit, le ponen las manos al fuego a JD. Pero a pesar de que sea uno de nuestros actores favoritos el wn con estaba metido en una espiral de violencia y toxicidad con la mina que simplemente no es una blanca oveja.",0.13,0,0,0.22,0,0,0.59,0.45,0,0.4,0,0,0,0,0,0,0,0,0,0.59
"Por eso est√°n pidiendo que ley pareja no sea dura, si sacaron a Depp de esa saga, saquenla tambi√©n a ella de Aquaman y el DCU.",0,0,0,0,0,0,0,0,0,0,0,0,0,0,0,0,0,0,0,0
"Pos ya fue descartado, t√≠o Choice",0,0,0,0,0,0,0,0,0,0,0,0,0,0,0.14,0,0,0,0.16,0
Todos saben que ese software lo hizo Bill Gates pa sacarte el liquido de las rodillas.,0,0,0,0,0,0,0,0,0,0,0,0,0,0,0,0,0,0,0,0
Weon que chucha la gente que acusa seriamente que puede haber fraude I see dead people https://archive.is/TB0NR la diferencia no es ni estrecha No lo es?. estan virtualmente con el pais dividido 50/50 Sepan perder de una buena vez. Que la prensa decrete algo no lo hace oficial,0,0,0,0.22,0,0,0.39,0,0,0.2,0,0,0,0,0,0.15,0.32,0,0,0.29
Un link sin contexto ni prueba de su veracidad no hace oficial el fraude.,0,0,0,0,0,0,0,0,0,0,0,0,0,0,0,0.17,0,0,0,0
"Hay un diferencia de 5 mill de votos, no es el caso 80/20 de ac√°, pero son 5mill, no es menor compa",0,0,0,0,0,0,0,0,0,0,0,0,0,0,0,0,0,0,0,0
"Hay un diferencia de 5 mill de votos EEUU no usa voto popular, sino que por estado. Arizona+Wisconsin+Pensilvania+Georgia sumado tienen solo una diferencia de 90.000 votos. Si por X motivo, Trump revierte eso, √©l gana.",0.14,0.37,0.57,0.75,0.21,0.19,0.88,0.97,0.5,0.43,0.16,0,0,0.2,0.16,0,0,0.46,0.18,0
"No discuto eso pa nada, conozco c√≥mo funciona el EC, a√∫n as√≠ es un dato importante que en cualquier otra pa√≠s ser√≠a tomado en cuenta, no veo porque no puede ser tomado en cuenta en el caso de usa. Y si jugamos al juego de los n√∫meros y la importancia de los swing states, no veo porque no podemos hablar de los votos populares y la importancia que tienen por lo menos como medidor de lo que el electorado general quiere.",0,0,0,0,0,0,0,0,0,0,0,0,0,0,0,0,0,0,0,0
Lo m√°s cuatico es que trump dej√≥ a entrever reiteradas veces que 8 a√±os quiz√°s no eran suficientes en la casa blanca,0.12,0.16,0.17,0,0,0.16,0.19,0,0,0.19,0,0,0.17,0.18,0.14,0,0.16,0,0.16,0.27
Justicia es lo que yo pienso que significa,0,0,0,0,0,0,0,0,0,0.23,0,0,0.2,0,0,0,0,0,0,0
"No es lo que ustedes piensan precisamente, Social Justice Warriors?",0,0,0,0,0,0,0,0,0,0,0,0,0,0,0,0,0,0,0,0
"Mu√©strame donde he hablado de justicia y he utilizado el concepto para intentar reclamarla de mi lado. S√© que te encanta asumir y hacer generalizaciones, pero chanta la moto, que a ti te da ataque cuando alguien hace lo mismo contigo.",0,0,0,0,0,0,0.19,0,0,0.2,0.15,0.18,0.34,0.19,0.14,0.14,0,0.22,0.16,0.27
"Mu√©strame donde he hablado de justicia y he utilizado el concepto para intentar reclamarla de mi lado. Todo tu post de ""alegaciones"" no probadas contra trump. EL veredicto de la ""justicia-social"" sin que haya proceso.",0.12,0.16,0,0.21,0,0,0.19,0.22,0,0.58,0.29,0,0.68,0.36,0.14,0.14,0.16,0.43,0,0.28
"S√≠, utilizo un listado extenso de casos para informar mi opini√≥n de Trump, en vez de creer que el wn s√≥lo comete errores sin querer y que no se le puede responsabilizar por sus acciones. Si Trump fuera chileno lo detestar√≠as, pero como es gringo y ""he owns the libs"" te deshaces en defensas para √©l; eres un sicofante, pero de la clase m√°s triste, la que no puede esperar reconocimiento por su adulaci√≥n.",0.12,0.15,0.67,0.4,0.39,0.3,0.54,0.43,0.16,0.38,0.28,0,0.16,0.53,0.14,0.27,0.31,0.64,0,0.27
"Si Trump fuera chileno lo detestar√≠as ¬øPorque? Si hubiera un lider proteccionista lo apoyaria, siempre que no sea pinochetista. eres un sicofante Wow , un insulto traido directamente del macarthismo ideologico de AOC. No puedes argumentar sin insultar",0,0,0.34,0.2,0.2,0.31,0.55,0,0.16,0.58,0,0,0.17,0,0.14,0,0.16,0.22,0,0.79
"Sin √°nimos de insultar ozz, pero como puedes ser tan insufrible locoo, yo me met√≠a a este mismito reddit hace un a√±o y tu no eras as√≠, ah√≠ no m√°s la dejo, buen dia",0,0,0.17,0,0,0.16,0.19,0,0,0.19,0,0,0,0,0,0,0,0,0,0.28
todo tu comentario fue eso. vale. lindo tu aporte,0.17,0,0,0,0,0,0,0,0.24,0,0,0,0,0,0,0.19,0,0,0,0
"baboso ataque directo, llora. La ""argumentacion"" toxica tuya como siempre",0,0,0,0,0,0,0.25,0,0,0,0,0.21,0.23,0,0.17,0,0,0,0.2,0.39
siempre que no sea pinochetista. Lo seria.,0,0,0,0,0,0,0,0,0,0,0,0,0,0,0,0,0,0,0,0
Politica Ficcion. Alt,0,0,0,0,0,0,0,0,0,0,0,0,0,0,0,0,0,0,0,0
"Hasta Hillary reconoci√≥ su derrota con ver qu√© trump ten√≠a la delantera, no esper√≥ ni a los medios ni a la corte ni nada. Ten un poco de decencia y deja de mentir.",0.12,0,0.33,0,0,0,0.18,0,0,0,0,0,0,0,0.27,0,0,0,0.16,0.26
"Los memes de la derecha chilena deber√≠an estar en la definici√≥n de cringe, me recuerda a los ni√±os del jard√≠n cuando se pican por perder, adelante estudio",0,0.16,0,0.43,0.2,0.33,0.39,0,0,0,0,0,0,0,0.14,0,0.32,0,0,0.29
aj√≠ verde fue la mejor muestra que los derechistas chilenos no son buenos haciendo humor,0,0,0,0.23,0,0.18,0,0,0,0,0,0,0,0,0.15,0,0,0.22,0,0
los de izquierda por que no? xD,0,0,0,0,0,0,0,0,0,0,0,0,0,0,0,0,0,0,0,0
"Los memes de izquierda por √∫ltimo tienen gracia y suelen innovar en la cultura memistica en mi humilde opini√≥n, los memes de la derecha generalmente son terrible reaccionarios y muchas veces son solo whatabaoutism. Ahora en el comentario original no me refer√≠ a los memes de izquierda, pero dir√≠a que la diferencia entre ambos es esa",0,0,0.34,0.61,0.2,0.15,0.37,0.44,0.16,0.19,0.15,0.18,0,0.18,0.14,0,0,0,0,0.27
"no se, personalmente me rio de la wea que me den gracia independiente de que sea de izquierda o derecha, aunque tengo que admitir que el socialismo no funciona üòî",0.24,0,0.17,0.63,0.2,0.32,0.38,0.22,0.16,0.39,0.15,0.35,0.34,0.18,0.28,0.28,0.31,0.22,0,0
aunque tengo que admitir que el socialismo no funciona Lo importante y lo bonito mi rey,0.25,0,0,0.22,0,0,0.2,0.23,0,0.2,0,0.18,0.36,0,0.15,0.15,0.16,0.22,0,0
Hay memes de derecha?,0,0,0,0.2,0,0.15,0,0,0,0,0,0,0,0,0,0,0,0,0,0
Hay intentos de,0,0,0,0,0,0,0,0,0,0,0,0,0,0,0,0,0,0,0,0
Y la mitad involucran helic√≥pteros apaches.,0.13,0,0,0.23,0,0,0.2,0,0,0,0,0,0,0,0,0.15,0,0,0.17,0
Erick Pulgar no va a estar disponible para el partido con Per√∫. Le habr√°n dicho a Rueda que Chile nunca ha perdido con Per√∫ en Santiago?,0,0,0,0,0,0,0.2,0,0,0,0.16,0,0,0.2,0,0.15,0.17,0.24,0,0
La fiore no le autorizo el viaje &gt,0,0,0,0,0,0,0,0,0,0,0,0,0,0,0,0,0,0,0,0
Valber es buenisimo. Por qu√© no cita a Galdames de Velez?,0,0,0,0,0,0,0,0,0,0,0,0,0,0,0,0,0,0,0,0
"Bonito discurso de Biden, quiz√°s cumpla su objetivo de acabar o por lo menos parar esa tremenda Polarizaci√≥n, lo que me preocupa es que el viejo es neocon y que la VP es 100% sionista.",0.12,0,0.17,0.41,0.2,0.16,0,0.22,0,0.19,0.29,0.18,0.17,0.18,0.14,0.14,0.16,0.43,0.16,0
Entiendo que el gobierno nuevo va a estar por la soluci√≥n de dos estados.,0.13,0,0,0,0.23,0,0,0,0.18,0.21,0.16,0,0,0,0,0,0.17,0.25,0,0
Y m√°s todav√≠a para los usuarios de Windows que quieren migrar a Linux pero no pueden.,0,0,0,0,0,0,0,0,0,0,0.14,0,0,0.18,0,0.13,0,0.21,0,0
Tener Linux y poder levantar Microsoft Word o Excel sin preocuparse es demasiado √∫til.,0.25,0,0.18,0.21,0.21,0.16,0,0,0,0.2,0,0,0.17,0,0.15,0,0.16,0,0.17,0
"La wea leeeeeeeenda Seguire dejando Ubuntu para el trabajo y windows pal ocio, pero esto es re leeeendo",0,0,0,0,0,0,0,0,0,0,0.14,0,0,0.18,0,0.14,0,0.21,0,0
Yo tampoco creo que cambie Windows 10 pero est√° mucho m√°s f√°cil la transici√≥n.,0,0,0,0,0,0.17,0,0,0,0,0,0,0,0,0,0,0,0,0,0
"Me necesito operar, y nunca lo he hecho. Que lugar recomiendan que sirven para operarse? Ahorita tengo puro FONASA.",0.13,0,0.18,0.23,0.2,0.35,0.4,0,0,0.2,0.15,0,0.37,0.38,0,0.3,0.16,0.22,0.34,0
Cl√≠nica D√°vila es de las m√°s baratas dentro de las caras.,0,0,0,0,0,0,0,0,0,0,0,0,0,0,0,0,0,0,0,0
Si no tienes idea de nada y tienes duda en que en alg√∫n lugar te cobren un ojo de la cara por la operaci√≥n te recomiendo revisar el beneficio del Bono PAD de Fonasa,0.12,0,0,0,0,0,0.18,0.21,0,0.19,0,0.17,0,0,0,0.26,0.15,0,0.16,0
"Depende de la operaci√≥n, las est√©ticas son ‚Äúbaratas‚Äù, as√≠ bien entrecomillas. Rondean entre los 2 y 3 millones. No 9 como usualmente se pensar√≠a. Tendrias que juntar varios ahorros nomas, como una meta a mediano plazo.",0,0,0,0,0,0,0,0,0,0,0,0,0,0,0,0,0,0,0,0
"Son las am√≠gdalas, no creo que cuenten como est√©ticas jajajaja. Es un poquito urgente, as√≠ que quiero armarme con toda la informaci√≥n que pueda.",0,0,0,0,0.2,0,0,0,0,0,0,0,0,0,0.14,0,0.16,0,0.16,0
"El Bono PAD de fonasa cubre la amigdalectom√≠a, averigua por ah√≠, la operaci√≥n debiese salirte como 250 lucas seg√∫n s√©",0,0,0,0,0,0,0,0.21,0,0,0.14,0,0,0,0.14,0,0.15,0,0,0
Geniaaaaaal. Muchas gracias. Me faltarian 100 lucas para llegar a la meta.,0,0,0,0,0,0,0,0,0,0,0.17,0.2,0,0.21,0,0.15,0,0.26,0,0
Entonces √°rmate un pack y acete la bichitomia,0,0,0,0,0,0,0,0,0,0,0,0,0,0,0,0,0,0,0,0
Depende de cu√°nta plata tengas.,0,0,0,0,0,0,0,0,0,0,0,0,0,0,0,0,0,0,0,0
"Pueees soy estudiante universitario recien egresado. Pensaba operarme antes de egresar siendo carga de mis padres en la U, pero alas, covid.",0,0,0,0,0,0,0,0,0,0,0,0,0,0,0,0,0,0,0,0
El hospital cl√≠nico de la chile siempre es una opci√≥n (suponiendo que eres de Santiago).,0,0,0,0,0,0,0,0,0,0,0,0,0,0,0,0,0,0,0,0
Le voy a echar un ojo. Gracias men.,0,0,0,0,0,0,0,0,0,0,0,0.19,0,0,0,0,0,0,0,0
"Depende de que te quieres operar, si es ambulatorio o no, etc",0,0,0,0,0,0,0,0,0,0,0,0,0,0,0,0,0,0,0,0
"Hace unos d√≠as me arm√© de valor y envie una demo de un juego con petici√≥n de trabajo a la compa√±√≠a d√≥nde hice pr√°ctica y en una semana aun no hay respuesta (m√°s que la original de ""un gusto que tengas iniciativa"" y eso...) Sigo esperando o acepto ya que no entre (ya que la demo era muy b√°sica ahora que la reanalizo) y busco pega a otra empresa? Aunque igual es compa√±√≠a indie/pyme y cuando estuve eramos como 9 cabros as√≠ que igual no ha tenido tiempo de ver la demo",0.36,0.16,0.17,0.41,0.2,0,0.37,0,0.32,0.58,0.14,0,0.17,0.36,0.28,0.28,0.16,0.43,0.16,0.28
"Keep trying hmno, las artes demandan pachorra y darle no mas. Pd: soy musico y ando en busca de proyectos de videojuegos, si te tinca ofrezco mis servicios para alg√∫n proyecto",0.12,0,0,0,0,0,0,0,0,0,0.15,0,0,0.19,0.14,0.43,0.16,0.43,0,0
Aceptar√≠a pero sin sueldo ni nada concreto mejor no arrastro a alguien a algo lleno de incertidumbre. Agradezco la oferta eso s√≠,0.36,0.31,0.17,0.41,0,0.16,0.37,0.22,0.16,0.38,0.14,0,0.17,0.36,0.28,0.41,0,0.43,0.32,0
"Tranqui, no estoy pidiendo plata, la verdad es que me gustaria estar en un peoyectio hace rato y generar mas experiencia, me apasionan mucho los videojuegos. Si te tinca mandame un dm y te mando algunas muestras",0,0.16,0.17,0.21,0.2,0.16,0,0,0,0.19,0.15,0,0.17,0.18,0,0.28,0,0.22,0,0
"Repito, me siento honrado por la oferta, pero prefiero no comprometerme por ahora por temor a acabar decepcionandote. Si quieres te puedo pasar la compa√±√≠a a la que estoy postulando",0.12,0,0,0.42,0.2,0,0.19,0.22,0.16,0,0.29,0.18,0,0.18,0,0.14,0.16,0.22,0.16,0
no dejes de avanzar por quedarte esperando una respuesta,0.14,0,0.18,0,0.21,0,0,0,0,0,0.16,0,0,0,0.15,0,0.17,0,0,0
"Tienes razon, mejor sigo perfeccionando mi curriculum (y la demo porsia) y veo otras empresas, tengo una en mente pero debo tener la opci√≥n de m√°s",0.12,0,0,0,0,0,0.19,0.23,0.17,0.2,0.15,0.18,0,0.19,0.15,0,0,0.23,0,0
"no te desanimes, el hecho de que te des cuenta de que tu demo era b√°sica significa que est√°s aprendiendo cosas nuevas. Llegar√° el momento en el que te contraten, keep trying =) (lema de vida pal desarrollador xD)",0,0.16,0.17,0,0,0,0.38,0,0,0,0.15,0.18,0,0.37,0.14,0.14,0,0.22,0.33,0
"TIL: que Julian Casablancas de Strokes, estuvo en el colegio m√°s caro y elitista del mundo, donde tambi√©n conoci√≥ a los otros miembros de la banda. Yo me lo imaginaba tomando b√°ltica, en los suburbios de Nueva York, pero parece que no. Es firulais.",0,0,0,0,0,0,0,0,0,0,0,0,0,0,0,0,0,0,0,0
"donde tambi√©n conoci√≥ a los otros miembros de la banda Sipo, si el pap√° de uno de ellos toc√≥ en el Festival de Vi√±a",0,0,0,0,0,0,0,0,0,0,0,0,0,0,0,0,0,0,0,0
"pero wn xddd, est√° bien que nuestra imagen de Canad√° sea de q es bac√°n, pero no es el mundo bilz y pap...",0,0,0,0,0,0,0,0,0,0,0,0,0,0,0,0,0,0,0,0
a qu√© va la pregunta entonces?,0,0,0,0,0,0,0,0,0,0,0,0,0,0,0,0,0,0,0,0
"El JB, me cae bien a pesar de ser la imagen de la industrializaci√≥n de la m√∫sica. Pero al final era un cabro chico y se tuvo que ganar todo el odio de las redes. Y creo que fue por su padre.",0,0,0.17,0,0,0,0.18,0.22,0.16,0.19,0,0,0,0.18,0,0,0,0.22,0.16,0.26
"Si, el pap√° (y la mam√°) son bien white trash. Igual que con la Britney.",0,0,0,0,0,0,0,0,0,0,0,0,0,0,0,0,0,0,0,0
ser cuico te hace pesado no es una opinion que esperaba de ti,0.13,0,0.18,0,0,0,0,0,0,0,0,0,0,0,0,0,0,0,0,0
"True, es que es una opinion que es super comun en /r/chile, y como generalmente les llevas la contra",0,0,0,0,0,0,0,0,0,0,0,0,0,0,0,0,0,0,0,0
"gente, √∫ltimamente e notado que muchas chicas me miran, pero me da curiosidad de que si es por que me funaron o por que soy relativamente guapo, que opinan? xd",0,0,0,0,0,0,0,0,0,0,0,0,0,0,0,0,0,0,0,0
"Has entrado a lo que se conoce como tu ""fase popular""...",0.15,0.19,0.21,0.25,0,0.19,0.23,0.27,0,0.24,0,0,0,0.23,0.17,0,0,0.28,0.2,0
falta la opci√≥n de ser relativamente feo,0.18,0,0,0,0,0,0,0,0,0,0,0,0,0,0,0,0,0,0,0.45
"Na, incluso se me han acercado para hablarme tipo para conocerme y pues la verdad no se si soy el nuevo meme como el xoxe o algo",0,0,0.17,0,0.4,0.16,0.19,0.22,0,0.19,0.44,0.18,0.17,0.37,0.28,0.28,0.16,0.65,0.33,0.28
Es por tu m√°scara de ahegao,0,0,0,0,0,0,0,0,0,0,0,0,0,0,0,0,0,0,0,0
Ante la duda pasaje a coquimbo,0,0,0,0,0,0,0,0,0,0,0,0,0,0,0,0,0,0,0,0
eso estoy pensando,0,0,0,0,0,0,0,0,0,0,0,0,0,0,0,0,0,0,0,0
"Como lo √∫nico que s√© sobre ti es tu nick me guiar√© por el, debe ser por estar cubierto en sangre de pajaro, yo igual me dar√≠a vuelta pa mirarte",0,0,0,0,0,0,0,0,0,0,0,0,0,0,0,0,0,0,0,0
"Creo que es por que no lleva pantalones, se√±or.",0,0,0,0,0,0,0,0,0,0,0,0,0,0,0,0,0,0,0,0
Plw me saqu√© la chucha en un hoyo que no se ve porque le creci√≥ maleza xd,0,0,0,0,0,0,0,0,0,0,0,0,0,0,0,0,0,0,0,0
"Anda a cortarlas o avisa al municipio por lo menos. Es una paja, m√°s despu√©s de sacarse la chucha, pero hoy fuiste tu, ma√±ana puede ser un ni√±o o un adulto mayor. Te hago un nanai digital: (8)Sana, sana potito de rana, si no sana hoy sanar√° ma√±ana(8)",0,0,0,0,0,0,0,0,0,0,0,0.17,0,0,0.27,0,0,0.21,0,0.26
Muchas gracias por tu nanai y tu sana sana&lt,0,0,0,0,0,0,0,0,0,0,0,0.19,0,0,0,0,0,0,0,0
listo! suerte con tu encuesta,0,0,0,0,0,0,0,0,0.3,0,0,0,0,0,0,0,0.27,0,0,0
y si considero que el departamento donde vivo esta bien?,0,0,0,0,0,0,0,0,0,0,0,0,0,0,0,0,0,0,0,0
No eres nuestro p√∫blico objetivo :/,0,0,0,0,0,0,0,0,0,0,0,0,0,0,0,0,0,0,0,0
tenemos un tipo que se autoproclam√≥ y otro que no quiere irse No es trump esos 2?,0,0,0,0,0.2,0.15,0.18,0.21,0,0.19,0,0.17,0.16,0,0.14,0,0.15,0.21,0.16,0.26
"Pero si en los mismos canales dijeron, ellos tienen un algoritmo que corren cuando reportan votos y reportan los resultados con un altisimo porcentaje de certeza del resultado final, considerando incluso reconteos que por lo general no hacen variar mas de 400 los votos del total",0,0,0,0,0,0,0,0,0,0,0,0,0,0,0,0,0,0,0,0
"Pero si en los mismos canales dijeron, Quien determina el resultado de una eleccion: la prensa o el el colegio electoral/corte ?",0,0,0.18,0,0,0.16,0,0.23,0.17,0,0,0.19,0,0,0.15,0.14,0,0.23,0,0.27
Deja de llorar. Se riguroso y reconoce que tengo razon: la prensa no hace oficial un nombramiento.,0,0,0,0,0,0.15,0.18,0,0,0,0,0,0.16,0.18,0,0,0.15,0.21,0.16,0
"La vieja y confiable ""me concentro en lo que me ofende personalmente en vez de todo el resto del comentario"". No, el resultado oficial es despu√©s, pero no s√© por qu√© te pica tanto el hoyo que la prensa gringa est√© haciendo lo que siempre hace durante las elecciones: declarar un ganador cuando el resultado es aparente.",0.12,0.31,0,0.4,0.59,0.15,0.74,0.22,0.47,0.38,0,0.17,0.17,0.18,0.42,0.14,0.15,0.21,0.16,0.27
"La vieja y confiable ""me concentro en lo que me ofende personalmente en vez de todo el resto del comentario"" Es tu culpa por no saber argumentar y estar histerico tirando baits pensando que con eso la haces no s√© por qu√© te pica tanto el hoyo Wow. que argumento mas solido. la cagaste. next! Sigo teniendo la razon. Pero tu moral es la tipica de los interseccionales. Para nada rigurosa.",0.24,0.31,0.17,0.8,0.98,0.31,1.1,0.22,0.63,0.38,0.14,0.17,0.33,0.54,0.42,0.4,0.46,0.64,0.32,0.27
"Es tu culpa por no saber argumentar y estar histerico tirando baits pensando que con eso la haces Buen resumen de ti Ozz. Veo que sigues llorando ad hominem, as√≠ que te dejo entre tus sollozos de justicia porque sabes que tienes la raz√≥n, ser iluminado por /pol/.",0.12,0,0,0,0,0,0,0,0,0.19,0,0,0.17,0,0,0.14,0.16,0,0,0
"Nunca lo aceptara porque no es un tema evidencia o de como funciona el sistema de estados unidos, sino que para el Trump es ""basado"" y no puede perder a menos que sea una super-duper conspiraci√≥n. This is your brain in anti-SJW.",0.38,0.16,0,0.43,0,0.16,0.78,0,0.34,0.41,0.31,0.19,0.18,0.39,0.15,0.43,0.17,0.7,0.17,0.27
"Tu te r√≠es, pero el hecho que hayan puesto a una super conservadora en la corte suprema con el apoyo cerrado de todos los republicanos. Qu√© Trump haya transformado al GOP en un culto a su personalidad y que los seniors republicanos no hayan aceptado la derrota. De aqu√≠ a enero vamos a ver de que est√° hecha la institucionalidad gringa.",0.26,0.17,0.37,0.22,0.22,0,0.6,0.24,0.18,0.63,0.31,0,0.18,0.39,0.46,0.15,0,0.48,0.53,0.27
"los noticiarios realmente pod√≠an haber declarado a Biden ganador el mi√©rcoles/jueves f√°cilmente debido al trend obvio de los votos por mail, pe Los noticiarios no son los encargados de dar la confirmacion oficial. Ese es todo el punto. La prensa puede declarar en base a lo evidente, pero no es lo oficial.",0,0,0,0,0,0.17,0.2,0.24,0.18,0,0,0,0,0,0,0,0,0.24,0,0
"Si hubieran irregularidades serias necesitas demasiadas personas en tu payroll para lograr eso a la escala de 10000 votos o m√°s. ¬øPorque necesitas hartas personas pa meter votos por correo? no lo necesitas Los seguidores de Trump hicieron lo mismo en 2016 btw, pero cuando se dieron cuenta que Trump iba ganar ya dejaron esta conversaci√≥n. Super diferente al contexto de pandemia lleno de votos remotos y con records de numero de votos. no weis. se serio.",0,0,0.5,0.59,0,0.45,0.72,0.21,0.16,0.56,0.14,0,0.49,0.71,0,0.13,0,0.42,0.47,0
"El proceso de validaci√≥n de los votos de correo participan por lo menos 30 personas y de todos los partidos pol√≠ticos que se van sersiorando del correcto funcionamiento de esto, y eso es para cada lugar donde se cuentan los votos. Adem√°s, por la pandemia es exactamente m√°s dif√≠cil hacerlo porque todos andan m√°s paranoicos y por eso la revisi√≥n de algunos votos tomo m√°s tiempo de lo debido.",0.23,0,0.17,0.2,0.2,0,0.18,0.21,0,0.19,0.57,0,0.33,0.36,0.14,0.4,0.15,0.42,0.32,0.53
Se puede saber quien gana sin necesidad de que esten todos los votos contabilizados eso se ha hecho y se har√° siempre,0,0,0,0,0,0,0.2,0.23,0.17,0,0,0,0,0,0,0,0,0.23,0,0
Se puede saber No es oficial hasta que es oficial. La prensa no es un ente oficial,0,0,0,0,0,0,0,0,0,0,0,0,0,0,0,0,0,0,0,0
"No s√© puede, es un ejercicio de confianza en el sistema pero no un verdadero cambio de poderes. El d√≠a que el colegio elector se junten para votar vas a saber quien gan√≥. Por mucho que los odie Rudy la tiene clara, los medios no eligen ni declaran al presidente, es solo un voto de confianza",0.26,0.17,0.54,0.46,0.21,0.18,0.82,1.39,0.33,0.41,0.15,0.37,0.19,1.16,0.15,0.31,0,0.67,0.34,0.31
"como que no, han habido elecciones que se decide el mismo dia del voto en estados unidos a pesar de que faltan todavia dias por contar los votos",0.12,0,0,0.2,0,0.15,0.19,0,0.16,0.19,0.15,0,0,0.18,0,0.14,0,0,0,0
Yapo choice desconectate un rato del temita ese si biden ya gano ya Hasta fox news lo dio por ganador a biden,0,0,0,0,0,0,0.47,0.56,0.43,0,0,0,0,0,0,0,0,0.58,0,0
Se levantaron duros los Choices hoy xD,0,0,0,0,0,0,0,0,0,0,0,0,0,0,0,0,0,0,0,0
No me met√≠a hace casi una semana y uff que est√°n densos los de republica.,0,0,0,0,0,0,0,0,0,0,0,0,0,0,0,0,0,0,0,0
"Si CNN lo dice, sure. ""democracia",0,0,0,0,0,0,0,0,0,0,0,0,0,0,0,0,0,0,0,0
"Ya, y las pruebas de eso donde est√°n?",0,0,0,0,0,0,0,0,0,0,0,0,0,0,0,0,0,0,0,0
Crees que no van a llegar a un juicio?,0,0,0.18,0,0,0,0,0,0,0,0.15,0,0,0,0,0,0,0,0,0
Ta too en yut√∫!!!,0,0,0,0,0,0,0,0,0,0,0,0,0,0,0,0,0,0,0,0
A ber pasa el likn,0,0,0,0,0,0,0,0,0,0,0,0,0,0,0,0,0.15,0,0.16,0
En Chile el ganador oficial tampoco es oficial el d√≠a de la elecci√≥n. Es proclamado por los medios tambi√©n. El fallo del tricel ocurre d√≠as despu√©s.,0.12,0,0,0,0.21,0,0.19,0.23,0.17,0,0,0,0.18,0,0,0,0,0.23,0,0
Sumado eso a que los l√≠deres internacionales tambi√©n lo est√°n felicitando El de mexico no. el sabe que debe esperar la respuesta oficial,0.23,0,0.17,0.2,0.2,0,0.18,0,0,0.19,0.14,0,0,0,0,0.13,0.15,0,0,0
Ya pos Choice acepta que Trump perdio.,0.13,0.17,0,0.22,0,0,0.2,0,0.18,0.21,0,0,0.19,0,0.16,0.15,0,0.25,0.18,0
"Quiza perdio, pero la palabra oficial no es de la prensa. Es como que aca la TV este dando ganadores ""oficiales"" antes del servel",0,0,0,0,0,0,0.2,0.23,0.16,0,0,0,0,0,0,0,0,0.22,0,0
No se aburre nunca...,0,0,0,0,0,0,0,0,0,0.33,0,0,0,0.31,0,0,0,0,0.27,0
Hablas como si vivieramos all√°.,0,0,0,0,0,0,0,0,0,0,0,0,0,0,0,0,0,0,0,0
"El t√≠o Bernie lo anunci√≥ el 23 de octubre https://www.reddit.com/r/Damnthatsinteresting/comments/jpy4ta/bernie_sanders_predicted_exactly_how_the/ Si Trump no hubiera sido tan transparente en su estrategia, quizas ahora alguien lo estar√≠a pescando, pero ya nadie cree que tenga alguna posibilidad judicial de ganar. Si era 270-268 pod√≠a ser, pero Biden est√° en camino a tener +300 votos.",0,0,0,0,0.2,0,0.19,0.22,0.32,0,0,0,0.17,0,0,0.14,0.16,0.22,0.16,0
"Pero no vaya a ser Venezuela o Rusia. Ahi √°ltiro observadores de todo el mundo y las elelecciones claramente est√°n arregladas, a menos que gane el que nos conviene, en cuyo caso, todo legal y miren para otro lado por favor.",0.13,0,0.18,0.22,0.2,0,0.6,0.46,0.32,0.4,0.3,0,0.18,0.57,0,0.45,0.16,0.44,0.17,0
Ambos partidos tienen representantes en los conteos.,0,0,0,0,0,0,0,0,0,0,0,0,0,0,0,0,0,0,0,0
"Tu cachai bro que 300 pies son como 100 metros? Me imagino que te equivocaste al escribir, no creo que sean 100 metros ser√≠a dejar a los representantes en una esquina de un edificio alejado de toda mesa",0,0,0,0,0,0,0.18,0,0,0,0,0,0,0,0,0,0,0,0,0
"Ya compa busque la info, primero ese n√∫mero var√≠a de estado en estado algunos son 30ft como en Alabama, los √∫nicos estados con 300ft son: Iowa y Oklahoma los dos estados ya votaron con sus representantes por el partido republicano, tal vez yo estoy equivocado en la info que encontr√© te dejo link aqu√≠ si tienes fuentes av√≠same por ac√° o m√°ndame un dm me gusta harto leer de pol√≠tica as√≠ que feliz de recibir nueva info üòÅ",0,0,0.18,0,0,0.16,0.39,0,0.17,0,0,0,0,0.19,0,0.14,0,0,0,0
"Los jueces, varios de ellos republicanos, rechazaron las litigaciones por que si hab√≠an observadores.",0,0.16,0,0,0,0,0,0,0,0,0,0,0,0.18,0,0,0,0,0,0.28
Alg√∫n podcast bueno de pol√≠tica o de cine?,0,0,0,0,0,0,0,0,0,0,0,0,0,0,0,0.18,0,0,0,0
De pol√≠tica me recomendaron estos 4 hace un tiempo: La cosa nostra No se habla de pol√≠tica en la mesa Comando Jungle TVM Constituyente,0.25,0,0,0,0.22,0.16,0.19,0,0,0.2,0.15,0,0.18,0.19,0,0.14,0.33,0,0.17,0.27
"Yo le mando combinacion clave, radio la clave, toda la semana de 8 a 11 AM,",0,0,0,0,0,0,0,0,0,0,0,0,0,0,0,0,0,0,0,0
"De pol√≠tica chilena me gusta Hablemos en off de la radio duna, en general los programas radiales que dan en la ma√±ana son la mano para estar al tanto de lo que pasa en pol√≠tica, y hablemos en off es uno de los mejores imo De pol√≠tica gringa/mundial escucho The daily y Throughline, aunque deben haber varios otros",0,0,0,0,0,0,0,0,0,0,0.15,0,0,0.38,0.15,0.14,0.16,0.46,0.17,0
"La otra vez dije que estaba dif√≠cil para conocer a alguien en persona y que si lo hago, lo har√≠a en fase 4 porque me daba miedo andar en micro. Estamos en fase 2 y esta semana tuve que movilizarme en micro. Creo que igual podr√≠a conocer alg√∫n men, total, si no me atrae, no me bajo la mascarilla üòÇ as√≠ que me anim√© y baj√© Tinder. Espero poder registrarme porque la √∫ltima vez que lo intent√©, no pude jajaja üòñ",0.12,0.16,0.17,0.21,0.2,0,0.19,0,0.31,0.38,0.14,0,0.51,0.54,0.14,0.28,0.16,0.21,0.48,0
"Consulta seria, que deber√≠a tener un men para atraerte??",0,0,0,0,0,0,0,0,0,0,0.14,0,0,0.18,0,0.13,0,0.21,0,0
"Pues si, que cosa f√≠sica y/o psicol√≥gica te son atrayentes? O alguna otra cosa que te atraiga",0,0,0,0,0,0,0,0,0,0,0,0,0,0,0,0.14,0,0,0,0
"F√≠sico: principalmente, que tenga linda sonrisa (he ca√≠do as√≠ üò≠üòÇ), que se preocupe de su f√≠sico (no un musculin de gimnasio, sino m√°s bien del tipo deportista), que se vista bien y cuide de su higiene. Psicol√≥gico: que no tenga vicios, que sea comprensivo y respetuoso. Aaaaah y que sea seguro de s√≠ mismo y sepa lo que quiere. Encuentro que no pido tanto, es lo b√°sico para mi, pero me dicen que soy muy exigente ü§î Y yo me digo a mi misma ""por eso andan con cualquier saco de pelotas que no las valoran"".",0.25,0.16,0.17,0.64,0.6,0.49,0.58,0.22,0.16,0.59,0.3,0.18,0.53,0.19,0.43,0.29,0.64,0.87,0.33,0.29
"No pides mucho, pero igual son un par de cositas puntuales üòÖ",0,0,0,0,0,0,0,0,0,0,0.14,0,0,0.18,0,0.13,0,0.21,0,0
Si buscas a alguien que esta desarrollando unos sexys pelos en los hombros y espalda me avisas.,0.12,0,0,0,0,0,0,0,0,0,0,0,0.17,0,0,0,0,0,0,0
Cada vez que leo esta clase de comentarios re√∫no m√°s motivos para crear una nueva versi√≥n del ReddiTinder 2.0,0,0.18,0.19,0.23,0,0,0.21,0.25,0.19,0.22,0.33,0,0,0.21,0,0.15,0,0.25,0,0
La primera versi√≥n funcion√≥? üòÖ,0,0,0,0,0,0,0,0,0,0,0,0,0,0,0,0,0,0,0,0
"Hubieron muchos participantes. Supe tambi√©n que se formaron un par de encuentros, as√≠ que de que tiene efectividad, al parecer si üòØ",0,0,0,0,0,0,0,0,0,0,0.19,0,0,0.24,0,0.17,0,0.3,0,0
Y si me conoces a mi y era,0,0,0,0,0,0,0,0,0,0,0,0,0,0,0,0,0,0,0,0
demas. pa q te vai a andar pelando por tinder si aqu√≠ ten√≠ pura calidah (?,0,0,0,0,0,0,0,0,0,0,0,0,0,0,0,0,0,0,0,0
"Ya que no los puedo ver porque no tienen fotos -sino les enviar√≠a un inbox carepalo-, tendr√≠a que crear un post, que publiquen su CV y ah√≠ voy filtrando si me interesa o no jajaja",0,0,0,0.2,0,0,0.18,0,0,0.38,0,0,0,0.18,0,0,0,0,0.16,0
te dai cualqiier color zi. quedate con el locoh noma. m√°s confidente que este man no vai a encontrar,0,0,0.17,0,0.2,0,0,0,0,0,0,0,0,0,0,0.13,0,0,0.16,0
Mil veces mejor Tinder que reddit para conocer gente üòÇ,0,0,0,0,0,0,0,0,0,0,0.17,0,0,0.22,0.17,0.16,0,0.53,0,0
Parece que hablas desde la experiencia jajaja,0,0,0,0,0,0,0,0,0,0.19,0,0,0,0,0,0,0,0,0.16,0
"Es que siento que por ac√° se agrandan mucho, en cambio aunque arreglen la foto en Tinder nunca va a ser tan catfish la wea.",0,0,0.17,0,0,0,0,0,0.16,0.19,0,0,0,0,0,0,0,0,0.16,0
Encuentro que las mascarillas nos han vuelto m√°s misteriosos y sexys en general jajaja.,0,0.15,0.17,0,0.2,0,0,0,0,0.37,0,0.17,0.16,0,0,0.13,0,0,0.16,0
CTM SI JAJAJAJAJA literal cuando salgo con mascarilla y me la quito para algo siento como rechazo por la mitad que cubr√≠a la mascarilla,0.12,0.16,0,0.21,0,0,0.19,0.22,0,0,0.29,0,0,0.37,0.14,0.28,0.16,0.22,0.16,0.28
